feature,importance
compliance_gap,0.007410032075510707
implementation_quality,0.011734844348149365
update_frequency,0.011913705833444605
algorithm_encoded,0.013430977935550197
key_size,0.014689214530640392
business_impact,0.01628156649736384
data_sensitivity,0.022564281563416964
algorithm_strength_score,0.0234635868004702
system_type_encoded,0.05989754303219664
public_exposure,0.06758382051881821
cert_age_months,0.09191039362336931
