feature,mean_abs_shap
algorithm_strength_score,0.09857290967929169
algorithm_encoded,0.08756520374621488
key_size,0.0687805613827423
business_impact,0.015713198369020246
cert_age_months,0.010419756054085154
public_exposure,0.005734555162316576
system_type_encoded,0.00562326590901474
data_sensitivity,0.004440985547914454
update_frequency,0.0030305003821510805
compliance_gap,0.002530067825194939
implementation_quality,0.002529809110330579
